,AOT(ori),AOT+GC
tracking_rmse_px,89.21799732771522,89.19577285850917
tracking_p99_px,156.61050800080076,156.55304530880133
centroid_jerk_rms,11590.959910788208,11591.21691874597
control_energy,3310.2912734025576,3309.8675315243217
